District,Region,Malaria_Prevalence_Percent,Estimated_Burden_Category,Estimated_TPR_Range_Percent,Primary_Intervention_Focus
Zombo,West Nile,22,High,20-30,LLINs + Case Management
Yumbe,West Nile,22,High,20-30,LLINs + Case Management
Wakiso,South Central,3,Low,<10,LLINs + Case Management
Tororo,Bukedi,9,High,20-30,LLINs + Case Management
Terego,West Nile,22,High,20-30,LLINs + Case Management
Ssembabule,South Central,3,Low,<10,LLINs + Case Management
Soroti,Teso,10,High,20-30,LLINs + Case Management
Sironko,Bukedi,9,Moderate,<20,LLINs + Case Management
Sheema,Ankole,2,Low,<10,LLINs + Surveillance
Serere,Teso,10,High,20-30,LLINs + Case Management
Rwampara,Ankole,2,Low,<10,LLINs + Surveillance
Rukungiri,Kigezi,1,Very Low,<1,LLINs + Surveillance
Rukiga,Kigezi,1,Very Low,<1,LLINs + Surveillance
Rubirizi,Ankole,2,Low,<10,LLINs + Surveillance
Rubanda,Kigezi,1,Very Low,<1,LLINs + Surveillance
Rakai,South Central,3,Low,<10,LLINs + Case Management
Pallisa,Bukedi,9,High,20-30,LLINs + Case Management
Pakwach,West Nile,22,High,20-30,LLINs + Case Management
Pader,Acholi,18,Very High,>30,IRS + LLINs
Oyam,Lango,16,High,20-30,IRS + LLINs
Otuke,Lango,16,Very High,>30,IRS + LLINs
Omoro,Acholi,18,High,20-30,IRS + LLINs
Obongi,West Nile,22,Very High,>30,IRS + LLINs
Nwoya,Acholi,18,High,20-30,IRS + LLINs
Ntungamo,Ankole,2,Low,<10,LLINs + Surveillance
Ntoroko,Tooro,4,Moderate,<20,LLINs + Case Management
Ngora,Teso,10,Moderate,<20,LLINs + Case Management
Nebbi,West Nile,22,High,20-30,LLINs + Case Management
Napak,Karamoja,34,Very High,>30,IRS + LLINs
Namutumba,Busoga,22,High,20-30,LLINs + Case Management
Namisindwa,Bukedi,9,Moderate,<20,LLINs + Case Management
Namayingo,Busoga,22,Very High,>30,IRS + LLINs
Nakasongola,North Central,3,Moderate,<20,LLINs + Case Management
Nakaseke,North Central,3,Low,<10,LLINs + Case Management
Nakapiripirit,Karamoja,34,Very High,>30,IRS + LLINs
Nabilatuk,Karamoja,34,Very High,>30,IRS + LLINs
Mukono,South Central,3,Low,<10,LLINs + Case Management
Mubende,South Central,3,Low,<10,LLINs + Case Management
Mpigi,South Central,3,Low,<10,LLINs + Case Management
Moyo,West Nile,22,Very High,>30,IRS + LLINs
Moroto,Karamoja,34,Very High,>30,IRS + LLINs
Mityana,South Central,3,Low,<10,LLINs + Case Management
Mitooma,Ankole,2,Low,<10,LLINs + Surveillance
Mbarara,Ankole,2,Low,<10,LLINs + Surveillance
Mbale,Bukedi,9,Moderate,<20,LLINs + Case Management
Mayuge,Busoga,22,High,20-30,LLINs + Case Management
Masindi,Bunyoro,6,Moderate,<20,LLINs + Case Management
Masaka,South Central,3,Low,<10,LLINs + Case Management
Maracha,West Nile,22,High,20-30,LLINs + Case Management
Manafwa,Bukedi,9,Moderate,<20,LLINs + Case Management
Madi Okollo,West Nile,22,High,20-30,LLINs + Case Management
Lyantonde,South Central,3,Low,<10,LLINs + Case Management
Lwengo,South Central,3,Low,<10,LLINs + Case Management
Luwero,North Central,3,Low,<10,LLINs + Case Management
Luuka,Busoga,22,High,20-30,LLINs + Case Management
Lira,Lango,16,High,20-30,IRS + LLINs
Lamwo,Acholi,18,Very High,>30,IRS + LLINs
Kyotera,South Central,3,Low,<10,LLINs + Case Management
Kyenjojo,Tooro,4,Low,<10,LLINs + Case Management
Kyegegwa,Tooro,4,Low,<10,LLINs + Case Management
Kyankwanzi,North Central,3,Moderate,<20,LLINs + Case Management
Kween,Bukedi,9,Moderate,<20,LLINs + Case Management
Kwania,Lango,16,High,20-30,IRS + LLINs
Kumi,Teso,10,Moderate,<20,LLINs + Case Management
Kotido,Karamoja,34,Very High,>30,IRS + LLINs
Kole,Lango,16,High,20-30,IRS + LLINs
Koboko,West Nile,22,High,20-30,LLINs + Case Management
Kitgum,Acholi,18,Very High,>30,IRS + LLINs
Kitagwenda,Tooro,4,Low,<10,LLINs + Case Management
Kisoro,Kigezi,1,Very Low,<1,LLINs + Surveillance
Kiryandongo,Bunyoro,6,Moderate,<20,LLINs + Case Management
Kiruhura,Ankole,2,Low,<10,LLINs + Surveillance
Kikuube,Bunyoro,6,High,20-30,LLINs + Case Management
Kibuku,Bukedi,9,High,20-30,LLINs + Case Management
Kiboga,North Central,3,Moderate,<20,LLINs + Case Management
Kibaale,Bunyoro,6,Moderate,<20,LLINs + Case Management
Kazo,Ankole,2,Low,<10,LLINs + Surveillance
Kayunga,North Central,3,Moderate,<20,LLINs + Case Management
Katakwi,Teso,10,High,20-30,LLINs + Case Management
Kassanda,South Central,3,Low,<10,LLINs + Case Management
Kasese,Tooro,4,Moderate,<20,LLINs + Case Management
Karenga,Karamoja,34,Very High,>30,IRS + LLINs
Kapelebyong,Teso,10,Very High,>30,IRS + LLINs
Kapchorwa,Bukedi,9,Moderate,<20,LLINs + Case Management
Kanungu,Kigezi,1,Very Low,<1,LLINs + Surveillance
Kamwenge,Tooro,4,Moderate,<20,LLINs + Case Management
Kamuli,Busoga,22,High,20-30,LLINs + Case Management
Kampala,Kampala,1,Very Low,<1,Urban Vector Control + Surveillance
Kalungu,South Central,3,Low,<10,LLINs + Case Management
Kaliro,Busoga,22,Very High,>30,IRS + LLINs
Kalangala,South Central,3,Moderate,<20,LLINs + Case Management
Kalaki,Teso,10,High,20-30,LLINs + Case Management
Kakumiro,Bunyoro,6,Moderate,<20,LLINs + Case Management
Kagadi,Bunyoro,6,Moderate,<20,LLINs + Case Management
Kaberamaido,Teso,10,High,20-30,LLINs + Case Management
Kabarole,Tooro,4,Low,<10,LLINs + Case Management
Kabale,Kigezi,1,Very Low,<1,LLINs + Surveillance
Kaabong,Karamoja,34,Very High,>30,IRS + LLINs
Jinja,Busoga,22,Moderate,<20,LLINs + Case Management
Isingiro,Ankole,2,Low,<10,LLINs + Surveillance
Iganga,Busoga,22,High,20-30,LLINs + Case Management
Ibanda,Ankole,2,Low,<10,LLINs + Surveillance
Hoima,Bunyoro,6,Moderate,<20,LLINs + Case Management
Gulu,Acholi,18,High,20-30,IRS + LLINs
Gomba,South Central,3,Low,<10,LLINs + Case Management
Dokolo,Lango,16,Very High,>30,IRS + LLINs
Buyende,Busoga,22,Very High,>30,IRS + LLINs
Buvuma,South Central,3,Moderate,<20,LLINs + Case Management
Butebo,Bukedi,9,High,20-30,LLINs + Case Management
Butambala,South Central,3,Low,<10,LLINs + Case Management
Butaleja,Bukedi,9,Moderate,<20,LLINs + Case Management
Busia,Bukedi,9,High,20-30,LLINs + Case Management
Bushenyi,Ankole,2,Low,<10,LLINs + Surveillance
Bunyangabu,Tooro,4,Low,<10,LLINs + Case Management
Bundibugyo,Tooro,4,Low,<10,LLINs + Case Management
Buliisa,Bunyoro,6,High,20-30,LLINs + Case Management
Bulambuli,Bukedi,9,Moderate,<20,LLINs + Case Management
Bukwo,Bukedi,9,Moderate,<20,LLINs + Case Management
Bukomansimbi,South Central,3,Low,<10,LLINs + Case Management
Bukedea,Teso,10,High,20-30,LLINs + Case Management
Buikwe,South Central,3,Low,<10,LLINs + Case Management
Buhweju,Ankole,2,Low,<10,LLINs + Surveillance
Bugweri,Busoga,22,High,20-30,LLINs + Case Management
Bugiri,Busoga,22,Very High,>30,IRS + LLINs
Bududa,Bukedi,9,Moderate,<20,LLINs + Case Management
Budaka,Bukedi,9,High,20-30,LLINs + Case Management
Arua,West Nile,22,High,20-30,LLINs + Case Management
Apac,Lango,16,High,20-30,IRS + LLINs
Amuru,Acholi,18,High,20-30,IRS + LLINs
Amuria,Teso,10,Very High,>30,IRS + LLINs
Amudat,Karamoja,34,Very High,>30,IRS + LLINs
Amolatar,Lango,16,High,20-30,IRS + LLINs
Alebtong,Lango,16,Very High,>30,IRS + LLINs
Agago,Acholi,18,Very High,>30,IRS + LLINs
Adjumani,West Nile,22,Very High,>30,IRS + LLINs
Abim,Karamoja,34,Very High,>30,IRS + LLINs
