Facility_Name,District,Facility_Type_Level,Ownership,Longitude_X,Latitude_Y
Mulago National Referral Hospital,Kampala,National Referral Hospital,Public,32.5768,0.3359
Butabika National Referral Mental Hospital,Kampala,National Referral Hospital,Public,32.645,0.321
Mbarara Regional Referral Hospital,Mbarara,Regional Referral Hospital,Public,30.6521,-0.6153
Gulu Regional Referral Hospital,Gulu,Regional Referral Hospital,Public,32.2944,2.7789
Jinja Regional Referral Hospital,Jinja,Regional Referral Hospital,Public,33.2069,0.4425
Soroti Regional Referral Hospital,Soroti,Regional Referral Hospital,Public,33.6125,1.7161
St. Mary's Hospital Lacor,Gulu,Hospital,PNFP,32.2769,2.7986
Mengo Hospital,Kampala,Hospital,PNFP,32.5625,0.3047
Arua Regional Referral Hospital,Arua,Regional Referral Hospital,Public,30.9083,3.025
Kibuli Muslim Hospital,Kampala,Hospital,PNFP,32.5936,0.3069
Fort Portal Regional Referral Hospital,Kabarole,Regional Referral Hospital,Public,30.2719,-0.6536
Masaka Regional Referral Hospital,Masaka,Regional Referral Hospital,Public,31.7411,-0.3339
Lira Regional Referral Hospital,Lira,Regional Referral Hospital,Public,32.9011,2.2511
Moroto Regional Referral Hospital,Moroto,Regional Referral Hospital,Public,34.6633,2.5333
Naguru General Hospital,Kampala,General Hospital,Public,32.6094,0.3325
Entebbe General Hospital,Wakiso,General Hospital,Public,32.4667,0.0667
Anaka General Hospital,Nwoya,General Hospital,Public,31.951,2.596
Abim Hospital,Abim,General Hospital,Public,33.658,2.705
Adjumani Hospital,Adjumani,General Hospital,Public,31.783,3.383
Apac Hospital,Apac,General Hospital,Public,32.533,1.983
Bududa Hospital,Bududa,General Hospital,Public,34.333,-1.011
Bugiri Hospital,Bugiri,General Hospital,Public,33.743,0.573
Buliisa General Hospital,Buliisa,General Hospital,Public,31.401,2.181
Bundibugyo Hospital,Bundibugyo,General Hospital,Public,30.063,0.708
Busia Hospital,Busia,General Hospital,Public,34.09,0.466
Iganga General Hospital,Iganga,General Hospital,Public,33.476,0.611
Kaabong Hospital,Kaabong,General Hospital,Public,34.12,3.516
Kiryandongo General Hospital,Kiryandongo,General Hospital,Public,32.298,1.945
Kisoro Hospital,Kisoro,General Hospital,Public,29.683,-1.283
Kitgum Hospital,Kitgum,General Hospital,Public,32.883,3.283
Kotido General Hospital,Kotido,General Hospital,Public,34.116,3.016
Atutur General Hospital,Kumi,General Hospital,Public,33.94,1.49
Mityana Hospital,Mityana,General Hospital,Public,32.033,0.4
Moyo Hospital,Moyo,General Hospital,Public,31.716,3.65
Nebbi General Hospital,Nebbi,General Hospital,Public,31.083,2.483
Pallisa Hospital,Pallisa,General Hospital,Public,33.716,1.166
Rakai Hospital,Rakai,General Hospital,Public,31.408,-0.713
Kiboga Hospital,Kiboga,General Hospital,Public,31.766,0.916
Kidera HC IV,Buyende,HC IV,Public,33.216,1.283
Bwijanga HC IV,Masindi,HC IV,Public,31.8,1.566
Kalisizo HC IV,Kyotera,HC IV,Public,31.616,-0.533
Rubaya HC IV,Kabale,HC IV,PNFP,29.866,-1.25
Budaka HC IV,Budaka,HC IV,Public,33.95,1.083
Bukedea HC IV,Bukedea,HC IV,Public,34.05,1.333
Kalisizo Hospital,Kyotera,Hospital,PNFP,31.623,-0.535
Kagadi Hospital,Kagadi,General Hospital,Public,30.816,0.933
Kassanda Health Centre IV,Kassanda,HC IV,Public,31.816,0.55
Kawanda HC IV,Wakiso,HC IV,Public,32.55,0.416
Kazo HC IV,Kazo,HC IV,Public,30.85,-0.35
Kibuku HC IV,Kibuku,HC IV,Public,33.833,1.033
Kigorobya HC IV,Hoima,HC IV,Public,31.283,1.6
Kiryowa HC IV,Kamuli,HC IV,Public,33.116,0.95
Kisoko HC IV,Tororo,HC IV,PNFP,34.05,0.6
Kitwe HC IV,Ntungamo,HC IV,Public,30.466,-0.916
Kyotera HC IV,Kyotera,HC IV,Public,31.566,-0.6
Lira University Health Service,Lira,HC IV,Public,32.85,2.266
Mpenja HC IV,Gomba,HC IV,Public,31.916,0.15
Nabilatuk HC IV,Nabilatuk,HC IV,Public,34.45,2.05
Napak HC IV,Napak,HC IV,Public,34.233,2.333
Nyakatako HC IV,Kyegegwa,HC IV,Public,31.033,0.5
Obongi HC IV,Obongi,HC IV,Public,31.566,3.45
Pajule HC IV,Pader,HC IV,PNFP,33.2,2.95
Pakwach HC IV,Pakwach,HC IV,Public,31.5,2.466
Rubirizi HC IV,Rubirizi,HC IV,Public,30.1,-0.266
Rukoni HC IV,Ntungamo,HC IV,Public,30.266,-0.883
Sironko HC IV,Sironko,HC IV,Public,34.25,1.233
Terego HC IV,Terego,HC IV,Public,30.95,3.183
Zeu HC IV,Zombo,HC IV,Public,30.883,2.6
Amuria HC IV,Amuria,HC IV,Public,33.633,2.033
Anyeke HC IV,Oyam,HC IV,Public,32.383,2.233
Bicopi HC III,Zombo,HC III,Public,30.983,2.4
Buhimba HC III,Kikuube,HC III,Public,31.233,1.366
Bukomero HC III,Kiboga,HC III,Public,31.983,0.8
Buseruka HC III,Hoima,HC III,Public,31.233,1.65
Butiaba HC III,Buliisa,HC III,Public,31.333,1.816
Bweyale HC III,Kiryandongo,HC III,Public,32.15,2.1
Ggaba HC III,Kampala,HC III,Public,32.616,0.25
Kachumbala HC III,Bukedea,HC III,Public,34.016,1.366
Kagadi HC III,Kagadi,HC III,Public,30.816,0.933
Kakira HC III,Jinja,HC III,PFP,33.283,0.5
Kakumiro HC III,Kakumiro,HC III,Public,31.316,0.783
Kalangala HC III,Kalangala,HC III,Public,32.216,-0.316
Kamdini HC III,Oyam,HC III,Public,32.333,2.233
Kamonkoli HC III,Budaka,HC III,Public,33.95,1.083
Kasawo HC III,Mukono,HC III,Public,32.833,0.566
Kasensero HC III,Rakai,HC III,Public,31.633,-0.883
Kibale HC III,Kibale,HC III,Public,31.066,0.783
Kibito HC III,Bunyangabu,HC III,Public,30.2,0.533
Kidera HC III,Buyende,HC III,Public,33.216,1.283
Kigorobya HC III,Hoima,HC III,Public,31.283,1.6
Kijura HC III,Kabarole,HC III,Public,30.416,0.8
Kinyasano HC III,Rukungiri,HC III,PNFP,29.916,-0.783
Kira HC III,Wakiso,HC III,Public,32.65,0.4
Kireka HC III,Wakiso,HC III,Public,32.633,0.35
Kirika HC III,Kibuku,HC III,Public,33.833,1.033
Kyamuhunga HC III,Bushenyi,HC III,Public,30.15,-0.516
Kyankwanzi HC III,Kyankwanzi,HC III,Public,31.8,1.166
Lwabenge HC III,Kalungu,HC III,Public,31.6,-0.2
Lwakhakha HC III,Manafwa,HC III,Public,34.366,0.883
Lwamaggwa HC III,Rakai,HC III,Public,31.516,-0.65
Lwampanga HC III,Nakasongola,HC III,Public,32.6,1.5
Lwengo HC III,Lwengo,HC III,Public,31.416,-0.416
Lyantonde HC III,Lyantonde,HC III,Public,31.15,-0.4
Madi Opei HC III,Lamwo,HC III,Public,32.983,3.566
Magale HC III,Namisindwa,HC III,PNFP,34.366,0.95
Mazimasa HC III,Butaleja,HC III,Public,33.933,0.916
Mpara HC III,Kyenjojo,HC III,Public,30.633,0.616
Nakasongola Military HC III,Nakasongola,HC III,Public,32.466,1.3
Ntenjeru HC III,Mukono,HC III,Public,32.75,0.35
Orungo HC III,Amuria,HC III,Public,33.5,1.866
Paidha HC III,Zombo,HC III,Public,30.983,2.416
Panyimur HC III,Pakwach,HC III,Public,31.266,2.166
Rengen HC III,Kotido,HC III,Public,34.116,3.016
Rubongi HC III,Tororo,HC III,Public,34.116,0.7
Rwekubo HC III,Isingiro,HC III,Public,30.833,-0.75
Sanga HC III,Kiruhura,HC III,Public,30.8,-0.5
Sironko HC III,Sironko,HC III,Public,34.25,1.233
Aboke HC III,Kole,HC III,PNFP,32.683,2.133
Aduku HC III,Apac,HC III,Public,32.716,1.966
Agali HC III,Lira,HC III,Public,32.633,2.1
Agule HC III,Pallisa,HC III,Public,33.666,1.283
Agwata HC III,Dokolo,HC III,Public,33.166,1.833
Ajia HC III,Arua,HC III,Public,30.9,2.95
Akalo HC III,Kole,HC III,Public,32.783,2.25
Akokoro HC III,Apac,HC III,Public,32.416,1.833
Alerek HC III,Abim,HC III,Public,33.416,2.6
Alebtong HC III,Alebtong,HC III,Public,33.3,2.283
Aliba HC III,Moyo,HC III,Public,31.6,3.5
Alwa HC III,Kaberamaido,HC III,Public,33.2,1.8
Amolatar HC III,Amolatar,HC III,Public,32.833,1.633
Amudat HC III,Amudat,HC III,Public,34.95,1.95
Amugu HC III,Alebtong,HC III,Public,33.15,2.15
Angal Hospital,Nebbi,Hospital,PNFP,31.25,2.4
Anyiribu HC III,Madi Okollo,HC III,Public,31.133,2.833
Atyak HC III,Amuru,HC III,Public,32.166,3.3
Awere HC III,Pader,HC III,Public,32.9,2.8
Bala HC III,Kole,HC III,Public,32.7,2.3
Bale HC III,Kayunga,HC III,Public,32.883,0.85
Bamunanika HC III,Luwero,HC III,Public,32.65,0.7
Bbaale HC III,Kayunga,HC III,Public,32.883,1
Bbiina HC II,Kampala,HC II,Public,32.65,0.3
Bicaboli HC II,Apac,HC II,Public,32.5,2
Bidade HC II,Luwero,HC II,Public,32.4,0.8
Bigando HC II,Masaka,HC II,Public,31.7,-0.3
Bigasa HC II,Bukomansimbi,HC II,Public,31.5,0
Bigodi HC III,Kamwenge,HC III,Public,30.383,0.4
Bikira HC III,Rakai,HC III,PNFP,31.55,-0.55
Bikunya HC II,Nakasongola,HC II,Public,32.4,1.3
Bilayamo HC II,Adjumani,HC II,Public,31.8,3.4
Binyiny HC III,Kween,HC III,Public,34.5,1.3
Bira HC II,Wakiso,HC II,Public,32.4,0.4
Birembo HC II,Kibaale,HC II,Public,31.1,0.8
Bisozi HC II,Kibaale,HC II,Public,31.2,0.7
Bisozi HC III,Kamwenge,HC III,Public,30.45,0.5
Bobi HC III,Gulu,HC III,Public,32.2,2.6
Bombo HC III,Luwero,HC III,Public,32.533,0.583
Bubeke HC III,Kalangala,HC III,Public,32.3,-0.5
Bubogo HC II,Iganga,HC II,Public,33.5,0.6
Bubulo HC IV,Manafwa,HC IV,Public,34.3,0.9
Bubuulo HC III,Manafwa,HC III,Public,34.3,0.9
Buchanan Clinic,Jinja,Clinic,PFP,33.2,0.4
Budadiri HC IV,Sironko,HC IV,Public,34.333,1.166
Budaka HC III,Budaka,HC III,Public,33.95,1.083
Bude HC II,Masaka,HC II,Public,31.7,-0.3
Budini HC III,Kaliro,HC III,PNFP,33.5,0.9
Budongo HC III,Masindi,HC III,Public,31.55,1.75
Budwale HC II,Mbale,HC II,Public,34.2,1.1
Bufuula HC II,Jinja,HC II,Public,33.2,0.5
Bugamba HC III,Rwampara,HC III,Public,30.5,-0.7
Bugangari HC IV,Rukungiri,HC IV,Public,29.8,-0.9
Bugembe HC IV,Jinja,HC IV,Public,33.233,0.466
Bugema HC II,Mbale,HC II,Public,34.2,1.1
Bugema HC III,Wakiso,HC III,PNFP,32.6,0.5
Bugiri HC IV,Bugiri,HC IV,Public,33.75,0.566
Bugobero HC III,Manafwa,HC III,Public,34.3,0.9
Bugongi HC II,Sheema,HC II,Public,30.3,-0.6
Bugoye HC III,Kasese,HC III,Public,30.1,0.2
Bugulumbya HC III,Kamuli,HC III,Public,33.1,0.8
Buhara HC III,Kabale,HC III,Public,29.9,-1.3
Buhungiro HC II,Rakai,HC II,Public,31.4,-0.7
Buikwe HC III,Buikwe,HC III,Public,33,0.3
Bujaasi HC II,Masaka,HC II,Public,31.7,-0.3
Bujagali HC II,Jinja,HC II,Public,33.2,0.5
Bujiri HC II,Mpigi,HC II,Public,32.3,0.3
Bujjuuko HC III,Mpigi,HC III,Public,32.3,0.3
Bukaakata HC III,Masaka,HC III,Public,31.9,-0.4
Bukabooli HC II,Mayuge,HC II,Public,33.5,0.5
Bukanga HC III,Luuka,HC III,Public,33.3,0.7
Bukasa HC II,Kalangala,HC II,Public,32.3,-0.5
Bukibokolo HC III,Mbale,HC III,Public,34.2,1.1
Bukigai HC III,Bududa,HC III,Public,34.3,1
Bukinda HC IV,Rukiga,HC IV,Public,30,-1.2
Bukiro HC II,Mbarara,HC II,Public,30.6,-0.6
Bukolwa HC II,Mubende,HC II,Public,31.4,0.6
Bukumi HC III,Kibaale,HC III,PNFP,31,0.8
Bukwanga HC II,Bugiri,HC II,Public,33.7,0.6
Bukwaya HC II,Mayuge,HC II,Public,33.5,0.5
Bulange HC III,Namutumba,HC III,Public,33.6,0.8
Bulopa HC III,Kamuli,HC III,Public,33.1,0.8
Bulucheke HC III,Bududa,HC III,Public,34.3,1
Bulyansime HC II,Kaliro,HC II,Public,33.5,0.9
Bulyasi HC II,Mpigi,HC II,Public,32.3,0.3
Bumadanda HC II,Mbale,HC II,Public,34.2,1.1
Bumagi HC II,Sironko,HC II,Public,34.3,1.2
Bumayoka HC III,Bududa,HC III,Public,34.3,1
Bumbo HC III,Namisindwa,HC III,Public,34.4,0.8
Bumwambu HC II,Sironko,HC II,Public,34.3,1.2
Bunambutye HC II,Bulambuli,HC II,Public,34.1,1.2
Bunamwaya HC II,Wakiso,HC II,Public,32.5,0.3
Bungatira HC III,Gulu,HC III,Public,32.3,2.8
Bungokho HC III,Mbale,HC III,Public,34.2,1.1
Busaala HC II,Kayunga,HC II,Public,32.9,0.9
Busaana HC III,Kayunga,HC III,Public,32.9,0.9
Busagazi HC II,Jinja,HC II,Public,33.2,0.5
Busakira HC III,Mayuge,HC III,Public,33.5,0.5
Busalamu HC II,Luwero,HC II,Public,32.5,0.6
Busano HC II,Mbale,HC II,Public,34.2,1.1
Busanza HC III,Kisoro,HC III,Public,29.6,-1.2
Busei HC II,Iganga,HC II,Public,33.5,0.6
Busembatia HC IV,Iganga,HC IV,Public,33.6,0.7
Buseta HC II,Kibuku,HC II,Public,33.8,1
Bushika HC III,Bududa,HC III,Public,34.3,1
Bushwere HC II,Sheema,HC II,Public,30.3,-0.6
Busiu HC IV,Mbale,HC IV,Public,34.2,1
Busolwe Hospital,Butaleja,General Hospital,Public,33.933,0.916
Buswale HC III,Namayingo,HC III,Public,33.8,0.4
Butawuka HC II,Bugiri,HC II,Public,33.7,0.6
Butebo HC III,Butebo,HC III,Public,33.9,1.1
Butenga HC III,Bukomansimbi,HC III,Public,31.5,0
Butiru HC III,Manafwa,HC III,Public,34.3,0.9
Butiiti HC III,Kyenjojo,HC III,Public,30.6,0.6
Butoloogo HC III,Mubende,HC III,Public,31.4,0.6
Butta HC II,Manafwa,HC II,Public,34.3,0.9
Butuntumula HC III,Luwero,HC III,Public,32.5,0.6
Butiru Chrisco Clinic,Manafwa,Clinic,PNFP,34.283,0.916
Buwaiswa HC II,Kaliro,HC II,Public,33.5,0.9
Buwama HC III,Mpigi,HC III,Public,32.1,0.1
Buwambo HC III,Wakiso,HC III,Public,32.6,0.5
Buwanga HC II,Bugiri,HC II,Public,33.7,0.6
Buwenge HC IV,Jinja,HC IV,Public,33.166,0.633
Buwuni HC II,Bugiri,HC II,Public,33.7,0.6
Buwungu HC II,Masaka,HC II,Public,31.7,-0.3
Buyanga HC II,Iganga,HC II,Public,33.5,0.6
Buyinja HC III,Namayingo,HC III,Public,33.8,0.4
Buyobo HC III,Sironko,HC III,Public,34.3,1.2
Buzaya HC III,Kamuli,HC III,Public,33.1,0.8
Bwaise HC II,Kampala,HC II,Public,32.566,0.35
Bwala HC II,Masaka,HC II,Public,31.7,-0.3
Bwambara HC III,Rukungiri,HC III,Public,29.8,-0.9
Bwanda HC III,Masaka,HC III,PNFP,31.7,-0.3
Bwera Hospital,Kasese,General Hospital,PNFP,29.766,0.033
Bweyogerere HC III,Wakiso,HC III,Public,32.65,0.35
Bwikhonge HC II,Bulambuli,HC II,Public,34.1,1.2
Bwikya HC II,Hoima,HC II,Public,31.3,1.4
Bwindi Community Hospital,Kanungu,Hospital,PNFP,29.616,-0.983
Bwizi HC II,Rakai,HC II,Public,31.4,-0.7
Byakabanda HC III,Rakai,HC III,Public,31.4,-0.7
Byerima HC II,Rakai,HC II,Public,31.4,-0.7
Byeyo HC II,Mubende,HC II,Public,31.4,0.6
Cooromiya HC II,Gulu,HC II,Public,32.3,2.8
Cwaa Memorial HC II,Kitgum,HC II,Public,32.9,3.3
Ddwaniro HC III,Rakai,HC III,Public,31.4,-0.7
Dzaipi HC III,Adjumani,HC III,Public,31.8,3.4
Ebenezer Clinic,Kampala,Clinic,PFP,32.583,0.316
Elegu HC II,Amuru,HC II,Public,32.1,3.3
Ewanga HC III,Apac,HC III,Public,32.5,2
Family Planning Clinic,Kampala,Clinic,PNFP,32.583,0.316
Friends Medical Clinic,Kampala,Clinic,PFP,32.583,0.316
Gadhafi Military Barracks,Jinja,HC III,Public,33.2,0.4
Galiraya HC III,Kayunga,HC III,Public,32.9,0.9
Gayaza HC II,Wakiso,HC II,Public,32.6,0.5
Gbulagbula HC II,Adjumani,HC II,Public,31.8,3.4
Ggaba Community Clinic,Kampala,Clinic,PFP,32.616,0.25
Ggolo HC III,Mpigi,HC III,Public,32.3,0.3
Gombe General Hospital,Butambala,General Hospital,Public,32.15,0.2
Good Samaritan Clinic,Kampala,Clinic,PFP,32.583,0.316
Hope Medical Centre,Kampala,Clinic,PFP,32.583,0.316
Hope Ward,Kampala,Clinic,PNFP,32.583,0.316
Ibanda Hospital,Ibanda,General Hospital,PNFP,30.5,-0.1
Iganga Islamic Medical Centre,Iganga,Clinic,PNFP,33.483,0.616
Igombe HC II,Iganga,HC II,Public,33.5,0.6
Igomero HC II,Luuka,HC II,Public,33.3,0.7
Iki-Iki HC III,Budaka,HC III,Public,33.95,1.083
Ikulwe HC III,Mayuge,HC III,PNFP,33.5,0.5
Irundu HC III,Buyende,HC III,Public,33.2,1.3
Irwin Memorial Clinic,Jinja,Clinic,PFP,33.2,0.4
Ishaka Adventist Hospital,Bushenyi,Hospital,PNFP,30.133,-0.55
Isingiro HC III,Isingiro,HC III,Public,30.8,-0.8
Itakaibolu HC II,Iganga,HC II,Public,33.5,0.6
Itanda HC II,Jinja,HC II,Public,33.2,0.5
Itendero HC III,Sheema,HC III,Public,30.3,-0.6
Itula HC II,Moyo,HC II,Public,31.7,3.7
Iwemba HC III,Bugiri,HC III,Public,33.7,0.6
Izinga HC II,Mayuge,HC II,Public,33.5,0.5
JCRC,Kampala,Clinic,PNFP,32.583,0.316
Jaber HC II,Adjumani,HC II,Public,31.8,3.4
Jaguzi HC III,Mayuge,HC III,Public,33.5,0.5
Jopa HC II,Adjumani,HC II,Public,31.8,3.4
Kabalagala HC II,Kampala,HC II,Public,32.6,0.3
Kabalagala Medical Centre,Kampala,Clinic,PFP,32.6,0.3
Kabale HC II,Isingiro,HC II,Public,30.8,-0.8
Kabamba HC III,Mubende,HC III,Public,31.4,0.6
Kabira HC III,Rakai,HC III,Public,31.4,-0.7
Kabowa HC II,Kampala,HC II,Public,32.566,0.283
Kabudula HC II,Luwero,HC II,Public,32.5,0.6
Kabulasoke HC III,Gomba,HC III,Public,31.9,0.2
Kabuyanda HC III,Isingiro,HC III,Public,30.8,-0.8
Kabwohe HC IV,Sheema,HC IV,Public,30.383,-0.566
Kachonga HC III,Butaleja,HC III,Public,33.9,0.9
Kachwekano HC II,Kabale,HC II,Public,29.9,-1.3
Kadama HC III,Kibuku,HC III,Public,33.8,1
Kadungulu HC III,Serere,HC III,Public,33.5,1.5
Kagamba HC III,Rakai,HC III,Public,31.4,-0.7
Kagongi HC III,Mbarara,HC III,Public,30.6,-0.6
Kagote HC III,Kabarole,HC III,Public,30.2,0.6
Kagulu HC III,Buyende,HC III,Public,33.2,1.3
Kagwara HC III,Serere,HC III,PNFP,33.5,1.5
Kahendo HC II,Kasese,HC II,Public,30.1,0.2
Kahunge HC III,Kamwenge,HC III,Public,30.45,0.5
Kaina HC II,Isingiro,HC II,Public,30.8,-0.8
Kajansi HC II,Wakiso,HC II,Public,32.5,0.2
Kajjansi HC IV,Wakiso,HC IV,Public,32.55,0.216
Kajwenge HC II,Kibaale,HC II,Public,31.1,0.8
Kakabara HC II,Nakapiripirit,HC II,Public,34.6,1.8
Kakiri HC IV,Wakiso,HC IV,Public,32.383,0.416
Kako HC III,Masaka,HC III,PNFP,31.7,-0.3
Kakooge HC III,Nakasongola,HC III,Public,32.4,1.3
Kakoro HC III,Pallisa,HC III,Public,33.7,1.2
Kalagala HC II,Luwero,HC II,Public,32.5,0.6
Kalamba HC III,Butambala,HC III,PNFP,32.1,0.2
Kalangalo HC II,Mityana,HC II,Public,32,0.4
Kalayita HC II,Kayunga,HC II,Public,32.9,0.9
Kaleire HC II,Pallisa,HC II,Public,33.7,1.2
Kalengyere HC II,Kabale,HC II,Public,29.9,-1.3
Kaliiro HC II,Rakai,HC II,Public,31.4,-0.7
Kalodwong HC II,Amuru,HC II,Public,32.1,3.3
Kalongo Hospital,Agago,General Hospital,PNFP,33.366,2.933
Kalungi HC II,Masaka,HC II,Public,31.7,-0.3
Kalungu HC III,Kalungu,HC III,Public,31.7,-0.2
Kamabai HC II,Kibaale,HC II,Public,31.1,0.8
Kamengo HC III,Mpigi,HC III,Public,32.1,0.1
Kamic HC II,Apac,HC II,Public,32.5,2
Kamod HC II,Serere,HC II,Public,33.5,1.5
Kampala Dispensary,Kampala,Clinic,PFP,32.583,0.316
Kampala Medical Chambers,Kampala,Clinic,PFP,32.583,0.316
Kamudoke HC II,Pallisa,HC II,Public,33.7,1.2
Kamuge HC III,Pallisa,HC III,Public,33.7,1.2
Kamukira HC II,Kabale,HC II,Public,29.9,-1.3
Kamuli Mission Hospital,Kamuli,Hospital,PNFP,33.116,0.95
Kamurasi HC II,Masindi,HC II,Public,31.7,1.7
Kamutur HC II,Bukedea,HC II,Public,34,1.3
Kamwenge HC IV,Kamwenge,HC IV,Public,30.45,0.183
Kandago HC II,Kibaale,HC II,Public,31.1,0.8
Kangai HC III,Dokolo,HC III,Public,33.1,1.8
Kanginima HC II,Pallisa,HC II,Public,33.7,1.2
Kanjuki HC II,Kayunga,HC II,Public,32.9,0.9
Kansanga HC II,Kampala,HC II,Public,32.6,0.3
Kanyabwanga HC II,Mitooma,HC II,Public,30,-0.6
Kanyampanga HC II,Ibanda,HC II,Public,30.5,-0.1
Kanyancu HC II,Kamwenge,HC II,Public,30.45,0.5
Kanyantorogo HC IV,Kanungu,HC IV,Public,29.7,-0.9
Kanyaryeru HC II,Kiruhura,HC II,Public,30.8,-0.5
Kanyum HC III,Kumi,HC III,Public,33.9,1.5
Kapeeka HC III,Nakaseke,HC III,Public,32.3,0.7
Kapeke HC II,Kiboga,HC II,Public,31.8,0.9
Kapiri HC II,Pallisa,HC II,Public,33.7,1.2
Kapujan HC III,Katakwi,HC III,Public,33.9,1.9
Kapuwai HC II,Pallisa,HC II,Public,33.7,1.2
Karambi HC III,Kasese,HC III,Public,30.1,0.2
Karita HC III,Amudat,HC III,Public,34.9,1.9
Karoli Lwanga Hospital,Rakai,Hospital,PNFP,31.4,-0.7
Kasalaama HC II,Luwero,HC II,Public,32.5,0.6
Kasambira HC II,Kamuli,HC II,Public,33.1,0.8
Kasambya HC III,Mubende,HC III,Public,31.4,0.6
Kasana HC III,Luwero,HC III,Public,32.5,0.6
Kasanda HC III,Kassanda,HC III,Public,31.8,0.5
Kasangati HC IV,Wakiso,HC IV,Public,32.6,0.45
Kasangombe HC III,Nakaseke,HC III,Public,32.3,0.7
Kasanje HC III,Wakiso,HC III,Public,32.5,0.2
Kasega HC II,Wakiso,HC II,Public,32.5,0.2
Kaserere HC II,Kasese,HC II,Public,30.1,0.2
Kasese Municipal HC III,Kasese,HC III,Public,30.1,0.2
Kashagama HC II,Isingiro,HC II,Public,30.8,-0.8
Kashambya HC III,Isingiro,HC III,Public,30.8,-0.8
Kashari HC III,Mbarara,HC III,Public,30.6,-0.6
Kashwa HC II,Kiruhura,HC II,Public,30.8,-0.5
Kasilo HC III,Serere,HC III,Public,33.5,1.5
Kasimbi HC II,Kamuli,HC II,Public,33.1,0.8
Kasozi HC III,Rakai,HC III,PNFP,31.4,-0.7
Kasule HC II,Luwero,HC II,Public,32.5,0.6
Kaswa HC II,Kibaale,HC II,Public,31.1,0.8
Katabok HC II,Amuria,HC II,Public,33.6,2
Katadooba HC II,Kasese,HC II,Public,30.1,0.2
Katakwi HC IV,Katakwi,HC IV,Public,33.966,1.916
Katovu HC III,Lwengo,HC III,Public,31.4,-0.4
Katoogo HC II,Luwero,HC II,Public,32.5,0.6
Katosi HC II,Mukono,HC II,Public,32.8,0.1
Katwe HC III,Kasese,HC III,Public,30.1,0.2
Katwe HC II,Kampala,HC II,Public,32.583,0.3
Katwe-Kabatooro Town Council HC II,Kasese,HC II,Public,30.1,0.2
Katuugo HC II,Nakasongola,HC II,Public,32.4,1.3
Kavule HC II,Mpigi,HC II,Public,32.3,0.3
Kawempe HC IV,Kampala,HC IV,Public,32.566,0.366
Kawolo Hospital,Buikwe,General Hospital,Public,33.033,0.35
Kayabwe HC II,Mpigi,HC II,Public,32.1,0.1
Kayunga Hospital,Kayunga,General Hospital,Public,32.9,0.9
Kazo HC III,Kazo,HC III,Public,30.8,-0.3
Kebisoni HC IV,Rukungiri,HC IV,Public,29.8,-0.9
Kibanga HC II,Lwengo,HC II,Public,31.4,-0.4
Kibibi HC III,Butambala,HC III,Public,32.1,0.2
Kibinge HC III,Bukomansimbi,HC III,Public,31.5,0
Kibirizi HC III,Rukungiri,HC III,Public,29.8,-0.9
Kibong'oto HC II,Pallisa,HC II,Public,33.7,1.2
Kibuku HC III,Kibuku,HC III,Public,33.8,1
Kichwamba HC III,Rubirizi,HC III,Public,30.1,-0.2
Kidera HC II,Buyende,HC II,Public,33.2,1.3
Kiduuma HC II,Rakai,HC II,Public,31.4,-0.7
Kiganda HC III,Mubende,HC III,Public,31.4,0.6
Kigando HC II,Mubende,HC II,Public,31.4,0.6
Kigarama HC II,Sheema,HC II,Public,30.3,-0.6
Kigaya HC II,Kibaale,HC II,Public,31.1,0.8
Kighelera HC II,Buyende,HC II,Public,33.2,1.3
Kigogwa HC II,Wakiso,HC II,Public,32.5,0.5
Kigoma HC II,Rakai,HC II,Public,31.4,-0.7
Kigumba HC IV,Kiryandongo,HC IV,Public,32,1.9
Kigwengwe HC II,Kibaale,HC II,Public,31.1,0.8
Kihiihi HC IV,Kanungu,HC IV,Public,29.7,-0.9
Kijabijo HC II,Wakiso,HC II,Public,32.6,0.5
Kijanjuple HC II,Masindi,HC II,Public,31.7,1.7
Kijjabwemi HC II,Masaka,HC II,Public,31.7,-0.3
Kijomoro HC III,Maracha,HC III,Public,30.9,3.1
Kikagati HC III,Isingiro,HC III,Public,30.8,-0.8
Kikandwa HC II,Mityana,HC II,Public,32,0.4
Kikatsi HC II,Kiruhura,HC II,Public,30.8,-0.5
Kikonda HC II,Kyankwanzi,HC II,Public,31.8,1.2
Kikonge HC II,Mukono,HC II,Public,32.8,0.1
Kikube HC II,Kikuube,HC II,Public,31.2,1.4
Kikwaya HC II,Kakumiro,HC II,Public,31.3,0.8
Kikyusa HC III,Luwero,HC III,Public,32.5,0.6
Kimanto HC II,Rakai,HC II,Public,31.4,-0.7
Kimbugu HC II,Sironko,HC II,Public,34.3,1.2
Kinogozi HC II,Hoima,HC II,Public,31.3,1.4
Kinoni HC III,Lwengo,HC III,Public,31.4,-0.4
Kinyara HC II,Masindi,HC II,Public,31.7,1.7
Kinyogoga HC II,Nakasongola,HC II,Public,32.4,1.3
Kira-Mulawa HC II,Wakiso,HC II,Public,32.6,0.4
Kirema HC II,Nakaseke,HC II,Public,32.3,0.7
Kirima HC III,Kanungu,HC III,Public,29.7,-0.9
Kirolo HC II,Luwero,HC II,Public,32.5,0.6
Kirongo HC II,Kibaale,HC II,Public,31.1,0.8
Kirugu HC II,Rubirizi,HC II,Public,30.1,-0.2
Kiruhura HC IV,Kiruhura,HC IV,Public,30.833,-0.516
Kiryanga HC III,Kibaale,HC III,Public,31.1,0.8
Kisanje HC II,Mukono,HC II,Public,32.8,0.1
Kisekka HC II,Lwengo,HC II,Public,31.4,-0.4
Kisinga HC IV,Kasese,HC IV,Public,30.1,0.2
Kisita HC II,Kiboga,HC II,Public,31.8,0.9
Kisozi HC III,Kamuli,HC III,Public,33.1,0.8
Kisubi Hospital,Wakiso,Hospital,PNFP,32.533,0.116
Kitagata Hospital,Sheema,General Hospital,Public,30.15,-0.633
Kitagwenda HC III,Kitagwenda,HC III,Public,30.4,0.2
Kitamba HC II,Rakai,HC II,Public,31.4,-0.7
Kitare HC II,Rakai,HC II,Public,31.4,-0.7
Kitebi HC III,Kampala,HC III,Public,32.566,0.283
Kitemu HC II,Wakiso,HC II,Public,32.5,0.2
Kitgum Matidi HC III,Kitgum,HC III,Public,32.9,3.3
Kitgum Prison HC II,Kitgum,HC II,Public,32.9,3.3
Kito HC II,Luwero,HC II,Public,32.5,0.6
Kitojo HC II,Mitooma,HC II,Public,30,-0.6
Kitoma HC II,Rakai,HC II,Public,31.4,-0.7
Kitoro HC II,Wakiso,HC II,Public,32.5,0.1
Kitovu Hospital,Masaka,Hospital,PNFP,31.733,-0.333
Kitwe HC III,Ntungamo,HC III,Public,30.4,-0.9
Kiwanga HC II,Mukono,HC II,Public,32.8,0.1
Kiwangala HC III,Lwengo,HC III,Public,31.4,-0.4
Kiwoko Hospital,Nakaseke,Hospital,PNFP,32.35,0.85
Kiwoko HC III,Nakaseke,HC III,Public,32.3,0.7
Kiyunga HC III,Luuka,HC III,Public,33.3,0.7
Kiziba HC II,Rakai,HC II,Public,31.4,-0.7
Kiziranfumbi HC III,Hoima,HC III,Public,31.3,1.4
Koboko HC IV,Koboko,HC IV,Public,30.966,3.416
Kolir HC III,Bukedea,HC III,Public,34,1.3
Kololo HC II,Kampala,HC II,Public,32.6,0.3
Komamboga HC II,Kampala,HC II,Public,32.6,0.4
Komuge HC II,Kole,HC II,Public,32.7,2.3
Kyamulibwa HC IV,Kalungu,HC IV,Public,31.8,-0.1
Kyanamukaka HC IV,Masaka,HC IV,Public,31.7,-0.3
Kyantale HC II,Kamuli,HC II,Public,33.1,0.8
Kyarusozi HC III,Kyenjojo,HC III,Public,30.6,0.6
Kyazanga HC IV,Lwengo,HC IV,Public,31.2,-0.4
Kyegegwa HC III,Kyegegwa,HC III,Public,31,0.5
Kyeizooba HC III,Bushenyi,HC III,Public,30.2,-0.5
Kyempene HC II,Rukungiri,HC II,Public,29.8,-0.9
Kyenjojo Hospital,Kyenjojo,General Hospital,Public,30.633,0.616
Kyerima HC II,Kayunga,HC II,Public,32.9,0.9
Kyotera Medical Centre,Kyotera,Clinic,PFP,31.5,-0.6
L.Victoria Clinic,Kampala,Clinic,PFP,32.583,0.316
LDU Wing Barracks,Lira,HC II,Public,32.9,2.2
Lagoro HC II,Kitgum,HC II,Public,32.9,3.3
Lalogi HC IV,Omoro,HC IV,Public,32.5,2.8
Lambuli HC II,Jinja,HC II,Public,33.2,0.5
Lao HC II,Amuru,HC II,Public,32.1,3.3
Laropi HC III,Moyo,HC III,Public,31.7,3.7
Lira Army Barracks,Lira,HC II,Public,32.9,2.2
Lira Central Police Station,Lira,Clinic,Public,32.9,2.2
Lira Prison HC II,Lira,HC II,Public,32.9,2.2
Lobe HC II,Moyo,HC II,Public,31.7,3.7
Lokole HC II,Agago,HC II,Public,33.3,3
Lolachat HC III,Nakapiripirit,HC III,Public,34.6,1.8
Lopedo HC II,Nakapiripirit,HC II,Public,34.6,1.8
Lopei HC II,Napak,HC II,Public,34.2,2.3
Loro HC III,Oyam,HC III,Public,32.4,2.2
Lotome HC III,Napak,HC III,PNFP,34.2,2.3
Loyoro HC II,Kaabong,HC II,Public,34.1,3.5
Lujjabwa HC II,Masaka,HC II,Public,31.7,-0.3
Lukaya HC III,Kalungu,HC III,Public,31.8,-0.1
Lukonda HC II,Luwero,HC II,Public,32.5,0.6
Lukuluk HC II,Serere,HC II,Public,33.5,1.5
Lula HC II,Luwero,HC II,Public,32.5,0.6
Lulagala HC II,Kaliro,HC II,Public,33.5,0.9
Lulamba HC II,Kiboga,HC II,Public,31.8,0.9
Lusenke HC II,Kayunga,HC II,Public,32.9,0.9
Lwabiyata HC III,Nakasongola,HC III,Public,32.4,1.3
Lwadda HC II,Wakiso,HC II,Public,32.5,0.5
Lwaggulwe HC III,Rakai,HC III,Public,31.4,-0.7
Lwala HC II,Kaberamaido,HC II,Public,33.2,1.8
Lwamatama HC II,Kiboga,HC II,Public,31.8,0.9
Lwemiyaga HC III,Sembabule,HC III,Public,31.2,0.1
Lwemunyonge HC II,Masaka,HC II,Public,31.7,-0.3
Lwengo HC II,Lwengo,HC II,Public,31.4,-0.4
Lweyo HC II,Kalangala,HC II,Public,32.3,-0.5
Lyamutwe HC II,Masaka,HC II,Public,31.7,-0.3
Maganjo HC II,Wakiso,HC II,Public,32.6,0.4
Magodes HC III,Tororo,HC III,Public,34.1,0.7
Magoro HC III,Katakwi,HC III,Public,33.9,1.9
Magyo HC II,Jinja,HC II,Public,33.2,0.5
Makanga HC II,Luwero,HC II,Public,32.5,0.6
Makindye HC II,Kampala,HC II,Public,32.6,0.3
Makindye Military Police,Kampala,HC II,Public,32.6,0.3
Makulubita HC III,Luwero,HC III,Public,32.5,0.6
Maligita HC II,Luwero,HC II,Public,32.5,0.6
Malongo HC III,Mayuge,HC III,Public,33.5,0.5
Manibe HC III,Arua,HC III,Public,30.9,3
Masafu Hospital,Busia,General Hospital,PNFP,34.083,0.466
Masajja HC II,Wakiso,HC II,Public,32.5,0.2
Masheruka HC IV,Sheema,HC IV,Public,30.3,-0.6
Masindi Artillery,Masindi,HC II,Public,31.7,1.7
Masindi Kitara Medical Centre,Masindi,Clinic,PFP,31.7,1.7
Masindi Prison HC II,Masindi,HC II,Public,31.7,1.7
Masulita HC IV,Wakiso,HC IV,Public,32.3,0.5
Matany Hospital,Napak,General Hospital,PNFP,34.233,2.333
Matugga HC II,Wakiso,HC II,Public,32.5,0.4
Mawagala HC III,Mityana,HC III,Public,32,0.4
Mawogola HC III,Sembabule,HC III,Public,31.2,0.1
Mawotto HC II,Wakiso,HC II,Public,32.5,0.2
Mayanja Memorial Hospital,Mbarara,Hospital,PFP,30.65,-0.616
Mayuge HC III,Mayuge,HC III,Public,33.5,0.5
Maziba HC IV,Kabale,HC IV,Public,29.9,-1.3
Mbulamuti HC III,Kamuli,HC III,Public,33.1,0.8
Minakulu HC III,Oyam,HC III,Public,32.4,2.2
Mirambi HC II,Kasese,HC II,Public,30.1,0.2
Miro HC II,Luwero,HC II,Public,32.5,0.6
Misha Clinic,Kampala,Clinic,PFP,32.583,0.316
Mitayana Prison HC II,Mityana,HC II,Public,32,0.4
Mityana Police HC II,Mityana,HC II,Public,32,0.4
Miwanga HC II,Kiboga,HC II,Public,31.8,0.9
Miyana HC II,Sembabule,HC II,Public,31.2,0.1
Moyo Prison HC II,Moyo,HC II,Public,31.7,3.7
Mpanga Forest HC II,Mpigi,HC II,Public,32.3,0.3
Mpanga Prison Farm,Kamwenge,HC II,Public,30.45,0.5
Mpeefu HC III,Kibaale,HC III,Public,31.1,0.8
Mpererwe HC II,Wakiso,HC II,Public,32.6,0.4
Mpummudde HC IV,Jinja,HC IV,Public,33.2,0.4
Mpungu HC II,Kanungu,HC II,Public,29.7,-0.9
Mputte HC III,Rakai,HC III,Public,31.4,-0.7
Mubende Police HC II,Mubende,HC II,Public,31.4,0.6
Mubende Prison HC II,Mubende,HC II,Public,31.4,0.6
Mubende Rehab. Centre,Mubende,Clinic,PNFP,31.4,0.6
Muchwini HC II,Kitgum,HC II,Public,32.9,3.3
Muduma HC III,Mpigi,HC III,Public,32.3,0.3
Mugoye HC III,Kalangala,HC III,Public,32.3,-0.5
Muhanga HC IV,Rukiga,HC IV,Public,30,-1.2
Muhororo HC II,Kibaale,HC II,Public,31.1,0.8
Mukono HC IV,Mukono,HC IV,Public,32.75,0.35
Mukono Health Centre,Mukono,Clinic,PFP,32.75,0.35
Mulanda HC IV,Tororo,HC IV,Public,34.1,0.7
Muljibhai Madhvani,Jinja,Clinic,PFP,33.2,0.4
Muni HC II,Arua,HC II,Public,30.9,3
Munteme HC III,Hoima,HC III,PNFP,31.3,1.4
Muramba HC II,Kisoro,HC II,Public,29.6,-1.2
Murukatipe HC II,Tororo,HC II,Public,34.1,0.7
Musale HC II,Abim,HC II,Public,33.6,2.7
Mutai HC II,Jinja,HC II,Public,33.2,0.5
Mutukula HC III,Rakai,HC III,Public,31.4,-0.7
Muzizi HC II,Kibaale,HC II,Public,31.1,0.8
Mweruka HC II,Rakai,HC II,Public,31.4,-0.7
Mwizi HC IV,Mbarara,HC IV,Public,30.6,-0.6
Myanzi HC III,Mubende,HC III,Public,31.4,0.6
Myene HC II,Oyam,HC II,Public,32.4,2.2
Naama HC III,Mityana,HC III,Public,32,0.4
Nabiganda HC II,Butaleja,HC II,Public,33.9,0.9
Nabigasa HC III,Rakai,HC III,Public,31.4,-0.7
Nabikakala HC II,Kamuli,HC II,Public,33.1,0.8
Nabinyonyi HC II,Iganga,HC II,Public,33.5,0.6
Nabiswera HC III,Nakasongola,HC III,Public,32.4,1.3
Nabweyo HC II,Iganga,HC II,Public,33.5,0.6
Nabwigulu HC III,Kamuli,HC III,Public,33.1,0.8
Nadiket HC II,Nakapiripirit,HC II,Public,34.6,1.8
Nadolwe HC II,Kaliro,HC II,Public,33.5,0.9
Nagojje HC III,Mukono,HC III,Public,32.8,0.1
Nagongera HC IV,Tororo,HC IV,Public,34.033,0.766
Naitakwae HC II,Moroto,HC II,Public,34.6,2.5
Nakabango HC II,Jinja,HC II,Public,33.2,0.5
Nakanyonyi HC II,Jinja,HC II,Public,33.2,0.5
Nakapelimoru HC III,Kotido,HC III,Public,34.1,3
Nakapiripirit Hospital,Nakapiripirit,General Hospital,Public,34.6,1.8
Nakaseta HC II,Luwero,HC II,Public,32.5,0.6
Nakasongola HC IV,Nakasongola,HC IV,Public,32.466,1.316
Nakibanga HC II,Iganga,HC II,Public,33.5,0.6
Nakifuma HC III,Mukono,HC III,Public,32.8,0.1
Nakigo HC II,Iganga,HC II,Public,33.5,0.6
Nakiloro HC II,Manafwa,HC II,Public,34.3,0.9
Nakirika HC II,Luwero,HC II,Public,32.5,0.6
Nakitoma HC III,Nakasongola,HC III,Public,32.4,1.3
Nakivale HC II,Isingiro,HC II,Public,30.8,-0.8
Nakulabye HC II,Kampala,HC II,Public,32.566,0.316
Nakyessanja HC II,Wakiso,HC II,Public,32.5,0.4
Nalugazi HC II,Iganga,HC II,Public,33.5,0.6
Nalunyu HC II,Mityana,HC II,Public,32,0.4
Nalutuntu HC III,Mubende,HC III,Public,31.4,0.6
Naluwoli HC II,Kamuli,HC II,Public,33.1,0.8
Namagera HC III,Jinja,HC III,Public,33.2,0.5
Namagunga HC III,Mukono,HC III,PNFP,32.8,0.1
Namalu HC III,Nakapiripirit,HC III,PNFP,34.6,1.8
Namanyonyi HC III,Mbale,HC III,Public,34.2,1.1
Namaseke HC II,Luwero,HC II,Public,32.5,0.6
Namasujju HC II,Luwero,HC II,Public,32.5,0.6
Namataba HC II,Mukono,HC II,Public,32.8,0.1
Namatovu HC II,Mpigi,HC II,Public,32.3,0.3
Namayemba HC III,Bugiri,HC III,Public,33.7,0.6
Namayumba HC III,Wakiso,HC III,Public,32.3,0.5
Nambaale HC III,Iganga,HC III,Public,33.5,0.6
Nambigirwa HC II,Wakiso,HC II,Public,32.5,0.2
Nambieso HC III,Kibaale,HC III,Public,31.1,0.8
Nambole HC II,Wakiso,HC II,Public,32.6,0.3
Nambya HC II,Kibaale,HC II,Public,31.1,0.8
Namokora HC IV,Kitgum,HC IV,Public,32.9,3.3
Namubuka HC II,Manafwa,HC II,Public,34.3,0.9
Namukanaga HC II,Iganga,HC II,Public,33.5,0.6
Namukupa HC II,Jinja,HC II,Public,33.2,0.5
Namulanda HC II,Wakiso,HC II,Public,32.5,0.2
Namulesa HC II,Jinja,HC II,Public,33.2,0.5
Namulonge HC III,Wakiso,HC III,Public,32.6,0.5
Namungalwe HC IV,Iganga,HC IV,Public,33.5,0.6
Namungoona HC II,Kampala,HC II,Public,32.55,0.333
Namutamba HC III,Mityana,HC III,PNFP,32,0.4
Namwendwa HC III,Kamuli,HC III,Public,33.1,0.8
Nankoma Hospital,Bugiri,General Hospital,PNFP,33.7,0.6
Nankoma HC IV,Bugiri,HC IV,Public,33.7,0.6
Nansana HC II,Wakiso,HC II,Public,32.5,0.4
Nansololo HC II,Kayunga,HC II,Public,32.9,0.9
Napak Prison HC II,Napak,HC II,Public,34.2,2.3
Narum HC II,Otuke,HC II,Public,33.5,2.4
Ndejje HC IV,Wakiso,HC IV,Public,32.583,0.2
Ndekye HC III,Isingiro,HC III,Public,30.8,-0.8
Ndibulungi HC II,Luwero,HC II,Public,32.5,0.6
Ndorwa Prison HC II,Kabale,HC II,Public,29.9,-1.3
Ngeta HC III,Lira,HC III,Public,32.9,2.2
Ngetta Prison HC II,Lira,HC II,Public,32.9,2.2
Ngogwe HC IV,Buikwe,HC IV,Public,32.8,0.1
Ngoma HC III,Nakaseke,HC III,Public,32.3,0.7
Ngora HC IV,Ngora,HC IV,Public,33.766,1.45
Ngora Freda Carr,Ngora,Hospital,PNFP,33.766,1.45
Nkaaka HC II,Kibaale,HC II,Public,31.1,0.8
Nkokonjeru HC III,Buikwe,HC III,PNFP,32.8,0.1
Nkoone HC II,Jinja,HC II,Public,33.2,0.5
Nkozi Hospital,Mpigi,Hospital,PNFP,32.016,0.15
Nsambya Hospital,Kampala,Hospital,PNFP,32.583,0.3
Nsangi HC III,Wakiso,HC III,Public,32.5,0.2
Nsinze HC IV,Namutumba,HC IV,Public,33.6,0.8
Ntenjeru-Kojja HC II,Mukono,HC II,Public,32.8,0.1
Ntinda HC II,Kampala,HC II,Public,32.6,0.3
Ntusi HC III,Sembabule,HC III,Public,31.2,0.1
Nyabubare HC III,Bushenyi,HC III,Public,30.2,-0.5
Nyabuhikye HC III,Ibanda,HC III,Public,30.5,-0.1
Nyaburiza HC II,Isingiro,HC II,Public,30.8,-0.8
Nyabyeya HC II,Masindi,HC II,Public,31.7,1.7
Nyagak HC II,Zombo,HC II,Public,30.9,2.4
Nyakabande HC III,Kisoro,HC III,Public,29.6,-1.2
Nyakibale Hospital,Rukungiri,Hospital,PNFP,29.8,-0.9
Nyakishenyi HC II,Rukungiri,HC II,Public,29.8,-0.9
Nyakitunda HC III,Rakai,HC II,Public,31.4,-0.7
Nyamarunda HC III,Kibaale,HC III,Public,31.1,0.8
Nyamiyaga HC II,Rakai,HC II,Public,31.4,-0.7
Nyamunuuka HC II,Bushenyi,HC II,Public,30.2,-0.5
Nyamuyanja HC II,Isingiro,HC II,Public,30.8,-0.8
Nyamwamba HC II,Kasese,HC II,Public,30.1,0.2
Nyenga HC III,Buikwe,HC III,PNFP,33,0.3
Nyimbwa HC III,Luwero,HC III,Public,32.5,0.6
Ocodri HC II,Arua,HC II,Public,30.9,3
Ochero HC III,Kaberamaido,HC III,Public,33.2,1.8
Ochuloi HC II,Serere,HC II,Public,33.5,1.5
Odravu HC II,Arua,HC II,Public,30.9,3
Odubu HC II,Arua,HC II,Public,30.9,3
Odupi HC III,Arua,HC II,Public,30.9,3
Ofua HC III,Adjumani,HC III,Public,31.8,3.4
Ogarama HC II,Lira,HC II,Public,32.9,2.2
Ogoko HC III,Madi Okollo,HC III,Public,31.1,2.8
Ogur HC III,Lira,HC III,Public,32.9,2.2
Ojwina HC III,Lira,HC III,Public,32.9,2.2
Okole HC II,Kole,HC II,Public,32.7,2.3
Okollo HC IV,Arua,HC IV,Public,31.1,2.8
Okoro HC II,Zombo,HC II,Public,30.9,2.4
Okulonyo HC II,Serere,HC II,Public,33.5,1.5
Okungulo HC II,Alebtong,HC II,Public,33.3,2.3
Okwang HC II,Otuke,HC II,Public,33.5,2.4
Okwongo HC II,Otuke,HC II,Public,33.5,2.4
Oleba HC II,Arua,HC II,Public,30.9,3
Olelpec HC II,Apac,HC II,Public,32.5,2
Olio HC III,Serere,HC III,Public,33.5,1.5
Olilim HC III,Katakwi,HC III,Public,33.9,1.9
Ollua HC II,Arua,HC II,Public,30.9,3
Oluko HC III,Arua,HC III,Public,30.9,3
Olwa HC II,Lira,HC II,Public,32.9,2.2
Olwiyo HC II,Nwoya,HC II,Public,31.9,2.6
Ombachi HC III,Arua,HC III,PNFP,30.9,3
Omugo HC IV,Arua,HC IV,Public,30.9,3
Omutoga HC II,Oyam,HC II,Public,32.4,2.2
Ongino HC III,Kumi,HC III,PNFP,33.9,1.5
Ongom HC II,Lira,HC II,Public,32.9,2.2
Opeta HC II,Pallisa,HC II,Public,33.7,1.2
Opot HC II,Apac,HC II,Public,32.5,2
Opwateta HC II,Pallisa,HC II,Public,33.7,1.2
Oret HC II,Abim,HC II,Public,33.6,2.7
Orom HC III,Kitgum,HC III,Public,32.9,3.3
Oruchinga HC II,Isingiro,HC II,Public,30.8,-0.8
Oruha HC II,Kyenjojo,HC II,Public,30.6,0.6
Oryang HC II,Lira,HC II,Public,32.9,2.2
Otuboi HC III,Kaberamaido,HC III,Public,33.2,1.8
Otuke HC IV,Otuke,HC IV,Public,33.5,2.4
Otwal HC III,Oyam,HC III,Public,32.4,2.2
Oyam Prison HC II,Oyam,HC II,Public,32.4,2.2
Oyam Town Council HC II,Oyam,HC II,Public,32.4,2.2
Oyarotonet HC II,Lira,HC II,Public,32.9,2.2
Pabo HC III,Amuru,HC III,Public,32.1,3.3
Padibe HC IV,Lamwo,HC IV,Public,33,3.6
Padwot HC II,Nebbi,HC II,Public,31.1,2.5
Pagak HC II,Maracha,HC II,Public,30.9,3.2
Paicho HC III,Gulu,HC III,Public,32.3,2.8
Paida HC II,Zombo,HC II,Public,30.9,2.4
Paimol HC III,Agago,HC III,Public,33.3,3
Paipir HC II,Pader,HC II,Public,33.2,3
Pajimo HC II,Kitgum,HC II,Public,32.9,3.3
Pajobi HC II,Amuru,HC II,Public,32.1,3.3
Pajule Lions,Pader,Clinic,PNFP,33.2,3
Palabek Gem HC III,Lamwo,HC III,Public,33,3.6
Palabek Kal HC III,Lamwo,HC III,Public,33,3.6
Palenga HC III,Gulu,HC III,Public,32.3,2.8
Palisa HC II,Kiryandongo,HC II,Public,32,1.9
Paloga HC III,Lamwo,HC III,Public,33,3.6
Pamwa HC II,Nebbi,HC II,Public,31.1,2.5
Panyango HC III,Pakwach,HC III,Public,31.5,2.5
Panyangara HC III,Kotido,HC III,Public,34.1,3
Parabongo HC III,Agago,HC III,Public,33.3,3
Paranga HC III,Adjumani,HC III,Public,31.8,3.4
Patiko HC III,Gulu,HC III,Public,32.3,2.8
Patongo HC IV,Agago,HC IV,Public,33.3,3
Patongo Prison HC II,Agago,HC II,Public,33.3,3
Pawel HC II,Amuru,HC II,Public,32.1,3.3
Pawor HC II,Arua,HC II,Public,30.9,3
Paya HC III,Tororo,HC III,Public,34.1,0.7
Pece HC III,Gulu,HC III,Public,32.3,2.8
Pentagon,Kampala,Clinic,PFP,32.583,0.316
Pingire HC III,Serere,HC III,Public,33.5,1.5
Pope Paul VI,Nebbi,Clinic,PNFP,31.1,2.5
Puchprasoch HC II,Pader,HC II,Public,33.2,3
Puranga HC III,Pader,HC II,Public,33.2,3
Ragem HC III,Pakwach,HC III,Public,31.5,2.5
Rhino Camp HC IV,Arua,HC IV,Public,31.4,2.7
RIDE-AFRICA Clinic,Kabarole,Clinic,PNFP,30.266,0.65
Riki HC II,Moyo,HC II,Public,31.7,3.7
Rilamesa HC II,Arua,HC II,Public,30.9,3
Rorok HC II,Nakapiripirit,HC II,Public,34.6,1.8
Rubanda HC III,Kabale,HC III,Public,29.9,-1.3
Rubanga HC II,Mitooma,HC II,Public,30,-0.6
Rubindi HC III,Mbarara,HC III,Public,30.6,-0.6
Rubirizi Prison HC II,Rubirizi,HC II,Public,30.1,-0.2
Rubona HC II,Bunyangabu,HC II,Public,30.2,0.6
Rugazi HC IV,Rubirizi,HC IV,Public,30.1,-0.2
Rugyeyo HC III,Kanungu,HC III,Public,29.7,-0.9
Ruhama HC III,Ntungamo,HC III,Public,30.3,-0.9
Ruharo HC II,Mbarara,HC II,Public,30.6,-0.6
Ruhiira HC III,Isingiro,HC III,Public,30.8,-0.8
Ruhoko HC II,Ibanda,HC II,Public,30.5,-0.1
Rukiri HC II,Ibanda,HC II,Public,30.5,-0.1
Rukoki HC III,Kasese,HC III,Public,30.1,0.2
Rukunyu HC II,Kamwenge,HC II,Public,30.45,0.5
Rumanza HC II,Kaabong,HC II,Public,34.1,3.5
Rupa HC II,Moroto,HC II,Public,34.6,2.5
Rusheshe HC II,Rukungiri,HC II,Public,29.8,-0.9
Rushishe HC II,Isingiro,HC II,Public,30.8,-0.8
Rushoroza HC III,Kabale,HC III,PNFP,29.9,-1.3
Rutaka HC II,Kanungu,HC II,Public,29.7,-0.9
Rutooma HC II,Mbarara,HC II,Public,30.6,-0.6
Rwamaboga HC II,Rakai,HC II,Public,31.4,-0.7
Rwampara HC II,Rwampara,HC II,Public,30.5,-0.7
Rwashamaire HC IV,Ntungamo,HC IV,Public,30.3,-0.9
Rwatsinga HC II,Isingiro,HC II,Public,30.8,-0.8
Rwempuno HC II,Kakumiro,HC II,Public,31.3,0.8
Rwenshama HC II,Rukungiri,HC II,Public,29.8,-0.9
Rwenshande HC II,Kasese,HC II,Public,30.1,0.2
Rwenzori HC II,Kasese,HC II,Public,30.1,0.2
Rweya HC II,Oyam,HC II,Public,32.4,2.2
Rwimi HC III,Bunyangabu,HC III,Public,30.2,0.6
Rwoburunga HC II,Mitooma,HC II,Public,30,-0.6
Rwoho HC II,Ntungamo,HC II,Public,30.3,-0.9
Ryakaiptura HC II,Kabarole,HC II,Public,30.2,0.6
Ryeru HC II,Rubirizi,HC II,Public,30.1,-0.2
Ryisa HC II,Rakai,HC II,Public,31.4,-0.7
Saka HC II,Kiboga,HC II,Public,31.8,0.9
Sanje HC II,Rakai,HC II,Public,31.4,-0.7
Sasala HC II,Nakasongola,HC II,Public,32.4,1.3
Seeta HC II,Mukono,HC II,Public,32.7,0.3
Sebugoro HC II,Kibaale,HC II,Public,31.1,0.8
Semuto HC IV,Nakaseke,HC IV,Public,32.3,0.7
Sendyowa HC II,Rakai,HC II,Public,31.4,-0.7
Senge HC II,Wakiso,HC II,Public,32.5,0.2
Serere HC IV,Serere,HC IV,Public,33.55,1.5
Serinya HC II,Luwero,HC II,Public,32.5,0.6
Sidok HC II,Kaabong,HC II,Public,34.1,3.5
Sigulu HC III,Namayingo,HC III,Public,33.8,0.4
Sinde HC II,Sironko,HC II,Public,34.3,1.2
Sino-Uganda Friendship Hospital,Kampala,Hospital,Public,32.566,0.333
St. Andrea Kaahwa,Hoima,Clinic,PNFP,31.3,1.4
St. Benedict HC II,Lira,HC II,PNFP,32.9,2.2
St. Charles Lwanga,Kalungu,Clinic,PNFP,31.7,-0.2
St. Elizabeth Hospital,Wakiso,Hospital,PNFP,32.5,0.2
St. Francis Health Services,Lira,Clinic,PNFP,32.9,2.2
St. Francis Hospital,Tororo,Hospital,PNFP,34.1,0.7
St. Joseph's Hospital,Kitgum,Hospital,PNFP,32.9,3.3
St. Joseph's Hospital,Maracha,Hospital,PNFP,30.9,3.1
St. Joseph's HC III,Wakiso,HC III,PNFP,32.5,0.2
St. Kizito Hospital,Rakai,Hospital,PNFP,31.4,-0.7
St. Luke's Hospital,Mubende,Hospital,PNFP,31.4,0.6
St. Mary's HC II,Gulu,HC II,PNFP,32.3,2.8
St. Mary's HC III,Lira,HC III,PNFP,32.9,2.2
St. Phillips HC III,Gulu,HC III,PNFP,32.3,2.8
TASO Entebbe,Wakiso,Clinic,PNFP,32.5,0.1
TASO Gulu,Gulu,Clinic,PNFP,32.3,2.8
TASO Jinja,Jinja,Clinic,PNFP,33.2,0.4
TASO Masaka,Masaka,Clinic,PNFP,31.7,-0.3
TASO Masindi,Masindi,Clinic,PNFP,31.7,1.7
TASO Mbale,Mbale,Clinic,PNFP,34.2,1.1
TASO Mbarara,Mbarara,Clinic,PNFP,30.6,-0.6
TASO Mulago,Kampala,Clinic,PNFP,32.583,0.316
TASO Soroti,Soroti,Clinic,PNFP,33.6,1.7
TASO Tororo,Tororo,Clinic,PNFP,34.1,0.7
Tegot HC II,Nwoya,HC II,Public,31.9,2.6
Tira HC II,Busia,HC II,Public,34.1,0.5
Toci HC II,Gulu,HC II,Public,32.3,2.8
Tororo Hospital,Tororo,General Hospital,Public,34.183,0.683
Tororo Police HC II,Tororo,HC II,Public,34.1,0.7
Tororo Prison HC II,Tororo,HC II,Public,34.1,0.7
Total HC II,Abim,HC II,Public,33.6,2.7
Trisek Medical Services,Kampala,Clinic,PFP,32.583,0.316
Ttaa HC II,Zombo,HC II,Public,30.9,2.4
Tula HC II,Luwero,HC II,Public,32.5,0.6
Tumbya HC II,Pallisa,HC II,Public,33.7,1.2
Uganda Baati,Kampala,Clinic,PFP,32.583,0.316
Uganda Breweries,Kampala,Clinic,PFP,32.583,0.316
Uganda Martyrs University,Mpigi,Clinic,PNFP,32,0.1
Uganda Police HC II,Kampala,HC II,Public,32.583,0.316
Uganda Railways,Kampala,Clinic,Public,32.583,0.316
Uganda Red Cross,Kampala,Clinic,PNFP,32.583,0.316
Uganda Red Cross,Lira,Clinic,PNFP,32.9,2.2
Uganda Red Cross,Mbale,Clinic,PNFP,34.2,1.1
Uganda Red Cross,Mbarara,Clinic,PNFP,30.6,-0.6
Uganda Red Cross,Soroti,Clinic,PNFP,33.6,1.7
Uganda Red Cross,Tororo,Clinic,PNFP,34.1,0.7
Uganda Red Cross,Gulu,Clinic,PNFP,32.3,2.8
Uganda Red Cross,Jinja,Clinic,PNFP,33.2,0.4
Uganda Red Cross,Masaka,Clinic,PNFP,31.7,-0.3
Uganda Red Cross,Masindi,Clinic,PNFP,31.7,1.7
Uganda Red Cross,Arua,Clinic,PNFP,30.9,3
Uganda Red Cross,Fort Portal,Clinic,PNFP,30.2,0.6
Uganda Red Cross,Hoima,Clinic,PNFP,31.3,1.4
Uganda Red Cross,Kabale,Clinic,PNFP,29.9,-1.3
Uganda Red Cross,Kitgum,Clinic,PNFP,32.9,3.3
Uganda Red Cross,Moyo,Clinic,PNFP,31.7,3.7
Uganda Red Cross,Nebbi,Clinic,PNFP,31.1,2.5
Uganda Red Cross,Rakai,Clinic,PNFP,31.4,-0.7
Uganda Red Cross,Busia,Clinic,PNFP,34.1,0.5
Uganda Red Cross,Iganga,Clinic,PNFP,33.5,0.6
Uganda Red Cross,Kamuli,Clinic,PNFP,33.1,0.8
Uganda Red Cross,Kapchorwa,Clinic,PNFP,34.4,1.4
Uganda Red Cross,Kasese,Clinic,PNFP,30.1,0.2
Uganda Red Cross,Kiboga,Clinic,PNFP,31.8,0.9
Uganda Red Cross,Kisoro,Clinic,PNFP,29.6,-1.2
Uganda Red Cross,Kumi,Clinic,PNFP,33.9,1.5
Uganda Red Cross,Luwero,Clinic,PNFP,32.5,0.6
Uganda Red Cross,Mityana,Clinic,PNFP,32,0.4
Uganda Red Cross,Moroto,Clinic,PNFP,34.6,2.5
Uganda Red Cross,Mpigi,Clinic,PNFP,32.3,0.3
Uganda Red Cross,Mubende,Clinic,PNFP,31.4,0.6
Uganda Red Cross,Mukono,Clinic,PNFP,32.8,0.1
Uganda Red Cross,Nakasongola,Clinic,PNFP,32.4,1.3
Uganda Red Cross,Ntungamo,Clinic,PNFP,30.3,-0.9
Uganda Red Cross,Pallisa,Clinic,PNFP,33.7,1.2
Uganda Red Cross,Rukungiri,Clinic,PNFP,29.8,-0.9
Uganda Red Cross,Sembabule,Clinic,PNFP,31.2,0.1
Uganda Red Cross,Bundibugyo,Clinic,PNFP,30,0.7
Uganda Red Cross,Katakwi,Clinic,PNFP,33.9,1.9
Uganda Red Cross,Kayunga,Clinic,PNFP,32.9,0.9
Uganda Red Cross,Kyenjojo,Clinic,PNFP,30.6,0.6
Uganda Red Cross,Mayuge,Clinic,PNFP,33.5,0.5
Uganda Red Cross,Pader,Clinic,PNFP,33.2,3
Uganda Red Cross,Sironko,Clinic,PNFP,34.3,1.2
Uganda Red Cross,Wakiso,Clinic,PNFP,32.5,0.2
Uganda Red Cross,Yumbe,Clinic,PNFP,31.2,3.3
Uganda Red Cross,Adjumani,Clinic,PNFP,31.8,3.4
Uganda Red Cross,Apac,Clinic,PNFP,32.5,2
Uganda Red Cross,Bugiri,Clinic,PNFP,33.7,0.6
Uganda Red Cross,Bushenyi,Clinic,PNFP,30.2,-0.5
Uganda Red Cross,Kanungu,Clinic,PNFP,29.7,-0.9
Uganda Red Cross,Kotido,Clinic,PNFP,34.1,3
Uganda Red Cross,Napak,Clinic,PNFP,34.2,2.3
Uganda Red Cross,Abim,Clinic,PNFP,33.6,2.7
Uganda Red Cross,Amolatar,Clinic,PNFP,32.8,1.6
Uganda Red Cross,Amuria,Clinic,PNFP,33.6,2
Uganda Red Cross,Budaka,Clinic,PNFP,33.9,1.1
Uganda Red Cross,Bududa,Clinic,PNFP,34.3,1
Uganda Red Cross,Bukedea,Clinic,PNFP,34,1.3
Uganda Red Cross,Bukwa,Clinic,PNFP,34.7,1.3
Uganda Red Cross,Bulisa,Clinic,PNFP,31.4,2.2
Uganda Red Cross,Dokolo,Clinic,PNFP,33.1,1.8
Uganda Red Cross,Kaabong,Clinic,PNFP,34.1,3.5
Uganda Red Cross,Kaberamaido,Clinic,PNFP,33.2,1.8
Uganda Red Cross,Kaliro,Clinic,PNFP,33.5,0.9
Uganda Red Cross,Kiruhura,Clinic,PNFP,30.8,-0.5
Uganda Red Cross,Koboko,Clinic,PNFP,30.9,3.4
Uganda Red Cross,Lyantonde,Clinic,PNFP,31.1,-0.4
Uganda Red Cross,Manafwa,Clinic,PNFP,34.3,0.9
Uganda Red Cross,Maracha,Clinic,PNFP,30.9,3.1
Uganda Red Cross,Nakaseke,Clinic,PNFP,32.3,0.7
Uganda Red Cross,Oyam,Clinic,PNFP,32.4,2.2
Uganda Red Cross,Amuru,Clinic,PNFP,32.1,3.3
Uganda Red Cross,Buikwe,Clinic,PNFP,33,0.3
Uganda Red Cross,Buvuma,Clinic,PNFP,33.2,-0.1
Uganda Red Cross,Gomba,Clinic,PNFP,31.9,0.2
Uganda Red Cross,Kalungu,Clinic,PNFP,31.7,-0.2
Uganda Red Cross,Kole,Clinic,PNFP,32.7,2.3
Uganda Red Cross,Kween,Clinic,PNFP,34.5,1.3
Uganda Red Cross,Kyankwanzi,Clinic,PNFP,31.8,1.2
Uganda Red Cross,Lwengo,Clinic,PNFP,31.4,-0.4
Uganda Red Cross,Mitooma,Clinic,PNFP,30,-0.6
Uganda Red Cross,Namayingo,Clinic,PNFP,33.8,0.4
Uganda Red Cross,Ngora,Clinic,PNFP,33.7,1.4
Uganda Red Cross,Ntoroko,Clinic,PNFP,30.5,1.1
Uganda Red Cross,Rubirizi,Clinic,PNFP,30.1,-0.2
Uganda Red Cross,Serere,Clinic,PNFP,33.5,1.5
Uganda Red Cross,Sheema,Clinic,PNFP,30.3,-0.6
Uganda Red Cross,Zombo,Clinic,PNFP,30.9,2.4
Upper Prison,Kampala,HC II,Public,32.583,0.316
Usuk HC IV,Katakwi,HC IV,Public,33.9,1.9
Victory Medical Centre,Kampala,Clinic,PFP,32.583,0.316
Villa Maria Hospital,Masaka,Hospital,PNFP,31.7,-0.3
Virika Hospital,Kabarole,Hospital,PNFP,30.266,0.65
Wabigalo HC II,Nakasongola,HC II,Public,32.4,1.3
Wabinyonyi HC II,Nakasongola,HC II,Public,32.4,1.3
Wabulenzi HC III,Luwero,HC III,Public,32.5,0.6
Wabusaana HC II,Luwero,HC II,Public,32.5,0.6
Wagagai HC II,Jinja,HC II,Public,33.2,0.5
Wairasa HC III,Mayuge,HC III,Public,33.5,0.5
Wakatayi HC II,Luwero,HC II,Public,32.5,0.6
Wakiso HC IV,Wakiso,HC IV,Public,32.466,0.366
Walukuba HC IV,Jinja,HC IV,Public,33.2,0.4
Wandegeya HC II,Kampala,HC II,Public,32.583,0.316
Wangeyo HC II,Nakapiripirit,HC II,Public,34.6,1.8
Wansolo HC II,Kaliro,HC II,Public,33.5,0.9
War HC II,Zombo,HC II,Public,30.9,2.4
Warr HC IV,Zombo,HC IV,Public,30.9,2.4
Wera HC III,Amuria,HC III,Public,33.6,2
Wiggins HC II,Jinja,HC II,Public,33.2,0.4
Wol HC II,Agago,HC II,Public,33.3,3
Y.Y. Okot Memorial,Kitgum,Clinic,PFP,32.9,3.3
Yelele HC II,Arua,HC II,Public,30.9,3
Yerya HC II,Masindi,HC II,Public,31.7,1.7
Yumbe Hospital,Yumbe,General Hospital,Public,31.25,3.466
Zeu Forest HC II,Zombo,HC II,Public,30.9,2.4
Zion Clinic,Kampala,Clinic,PFP,32.583,0.316
Zirobwe HC III,Luwero,HC III,Public,32.5,0.6
